username,id,datetime,input
Bobbyxyy,483618060,18/06/2021 13:27:59,my logs
Bobbyxyy,483618060,18/06/2021 13:28:14,confirm create
Bobbyxyy,483618060,18/06/2021 13:28:15,my logs
Bobbyxyy,483618060,18/06/2021 14:18:59,confirm create
cookehh,26206762,18/06/2021 14:19:04,confirm create
Bobbyxyy,483618060,18/06/2021 14:21:25,confirm create
Bobbyxyy,483618060,18/06/2021 14:21:30,my logs
cookehh,26206762,18/06/2021 14:21:59,confirm create
cookehh,26206762,18/06/2021 14:22:02,my logs
xuanting_c,79120578,18/06/2021 18:19:56,confirm create
kennise,120800901,18/06/2021 18:49:55,confirm create
kennise,120800901,18/06/2021 18:50:48,confirm create
jazzraph,232894084,18/06/2021 22:25:27,confirm create
cookehh,26206762,18/06/2021 22:27:24,confirm create
cookehh,26206762,18/06/2021 22:27:56,confirm create
cookehh,26206762,18/06/2021 22:28:28,confirm create
Ktkj99,28727256,18/06/2021 23:05:10,my logs
Ktkj99,28727256,18/06/2021 23:06:30,my logs
jazzraph,232894084,18/06/2021 23:07:28,my logs
Ktkj99,28727256,18/06/2021 23:07:42,confirm create
jazzraph,232894084,19/06/2021 00:40:10,my logs
elicialzy,251493610,19/06/2021 00:46:03,my logs
elicialzy,251493610,19/06/2021 01:07:23,my logs
erica_sim,696167439,19/06/2021 09:50:36,confirm create
Bobbyxyy,483618060,19/06/2021 12:17:02,confirm create
Bobbyxyy,483618060,19/06/2021 12:17:31,my logs
christinanaa,196384632,19/06/2021 12:19:07,my logs
christinanaa,196384632,19/06/2021 12:19:43,confirm create
christinanaa,196384632,19/06/2021 12:19:49,my logs
elicialzy,251493610,19/06/2021 13:17:15,confirm create
elicialzy,251493610,19/06/2021 13:17:37,confirm create
elicialzy,251493610,19/06/2021 13:18:12,confirm create
natellaaa,78707193,19/06/2021 16:48:15,my logs
jazzraph,232894084,19/06/2021 17:20:35,confirm create
jazzraph,232894084,19/06/2021 17:21:01,confirm create
jazzraph,232894084,19/06/2021 17:21:24,confirm create
Bobbyxyy,483618060,19/06/2021 21:31:16,my logs
kennise,120800901,19/06/2021 21:31:58,confirm create
kennise,120800901,19/06/2021 21:32:25,confirm create
elicialzy,251493610,19/06/2021 21:39:19,my logs
elicialzy,251493610,19/06/2021 21:48:10,my logs
elicialzy,251493610,19/06/2021 22:03:19,my logs
elicialzy,251493610,19/06/2021 22:04:15,my logs
cookehh,26206762,19/06/2021 22:04:20,confirm create
cookehh,26206762,19/06/2021 22:04:56,confirm create
jinghsuan,61819314,19/06/2021 22:33:20,confirm create
elicialzy,251493610,19/06/2021 22:55:22,confirm create
walnads,178497926,19/06/2021 23:09:37,my logs
charczm,55657539,20/06/2021 00:46:33,confirm create